Modelo,Dataset,Accuracy,Precision,Recall,F1-Score,ROC-AUC
BiGRU_C1_Simple,balanced,0.9925233644859813,0.985239852398524,1.0,0.9925650557620818,0.9998742243836994
BiGRU_C2_Medium,balanced,0.9906542056074766,0.9888059701492538,0.9925093632958801,0.9906542056074766,0.9998602493152217
BiGRU_C3_Stacked,balanced,0.9906542056074766,0.9851851851851852,0.9962546816479401,0.9906890130353817,0.999832299178266
BiGRU_C1_Simple,big_ahr,0.9817610062893082,0.9908952959028832,0.9871504157218443,0.9890193108670958,0.9947571204928081
BiGRU_C2_Medium,big_ahr,0.9767295597484277,0.9908396946564886,0.981103552532124,0.9859475883023168,0.9948137390620001
BiGRU_C3_Stacked,big_ahr,0.9811320754716981,0.9908883826879271,0.9863945578231292,0.9886363636363636,0.9949439617711421
