Modelo,Dataset,Accuracy,Precision,Recall,F1-Score,ROC-AUC
ConvLSTM_C1_Base,balanced,0.9850467289719627,0.9709090909090909,1.0,0.985239852398524,0.9998602493152217
ConvLSTM_C2_Medium,balanced,0.9906542056074766,0.9816176470588235,1.0,0.9907235621521335,0.9995527978087093
ConvLSTM_C1_Base,big_ahr,0.979874213836478,0.9864355689525245,0.9894179894179894,0.9879245283018868,0.9946721926390198
ConvLSTM_C2_Medium,big_ahr,0.9723270440251572,0.9826415094339622,0.9841269841269841,0.9833836858006042,0.9904710948049632
