Modelo,Dataset,Accuracy,Precision,Recall,F1-Score,ROC-AUC
LSTM_C1_Simple,balanced,0.9794392523364486,0.9637681159420289,0.9962546816479401,0.9797421731123389,0.9981133657554921
LSTM_C2_Medium,balanced,0.9869158878504672,0.9814814814814815,0.9925093632958801,0.9869646182495344,0.9993990720554531
LSTM_C3_Stacked,balanced,0.9887850467289719,0.978021978021978,1.0,0.9888888888888889,1.0
LSTM_C4_Deep,balanced,0.9887850467289719,0.978021978021978,1.0,0.9888888888888889,0.9996506232880541
LSTM_C1_Simple,big_ahr,0.9767295597484277,0.9871212121212121,0.9848828420256992,0.9860007567158532,0.9931604768415897
LSTM_C2_Medium,big_ahr,0.9761006289308176,0.9900839054157132,0.981103552532124,0.9855732725892179,0.9930019448478518
LSTM_C3_Stacked,big_ahr,0.9691823899371069,0.9833080424886191,0.9795918367346939,0.9814464218099205,0.9933331634776258
LSTM_C4_Deep,big_ahr,0.9716981132075472,0.9819004524886877,0.9841269841269841,0.9830124575311439,0.993418091331414
