Modelo,Dataset,Accuracy,Precision,Recall,F1-Score,ROC-AUC
LSTM_C1_Simple,balanced,0.9584569732937686,0.9398496240601504,0.9541984732824428,0.946969696969697,0.9880678870525457
LSTM_C2_Medium,balanced,0.9584569732937686,0.9398496240601504,0.9541984732824428,0.946969696969697,0.9848439931816497
LSTM_C3_Stacked,balanced,0.9436201780415431,0.917910447761194,0.9389312977099237,0.9283018867924528,0.9873267620247536
LSTM_C4_Deep,balanced,0.9525222551928784,0.9136690647482014,0.9694656488549618,0.9407407407407408,0.987178537019195
LSTM_C1_Simple,big_ahr,0.9577221742881795,0.9757894736842105,0.9727177334732424,0.9742511823436679,0.9823551584673844
LSTM_C2_Medium,big_ahr,0.9542709232096636,0.9787234042553191,0.9653725078698846,0.9720021130480718,0.9797369573854664
LSTM_C3_Stacked,big_ahr,0.9611734253666955,0.9758909853249476,0.9769150052465897,0.9764027267960147,0.9830835684960114
LSTM_C4_Deep,big_ahr,0.9620362381363244,0.9769150052465897,0.9769150052465897,0.9769150052465897,0.9840310109108691
