Modelo,Dataset,Accuracy,Precision,Recall,F1-Score,ROC-AUC
Transformer_BETO,balanced,0.9554896142433235,0.9264705882352942,0.9618320610687023,0.9438202247191011,0.9896242496109094
Transformer_BETO,big_ahr,0.9577221742881795,0.9640657084188912,0.9853095487932844,0.9745718733783083,0.9816725924265732
